{
    "oldParams": true,
    "wave_type": 3,
    "p_env_attack": 0,
    "p_env_sustain": 0.22692071163198688,
    "p_env_punch": 0.7501591673704324,
    "p_env_decay": 0.48089371016974003,
    "p_base_freq": 0.06518552712603562,
    "p_freq_limit": 0,
    "p_freq_ramp": -0.20311576149524102,
    "p_freq_dramp": 0,
    "p_vib_strength": 0.1197783996620627,
    "p_vib_speed": 0.21893051215236164,
    "p_arp_mod": 0,
    "p_arp_speed": 0,
    "p_duty": 0,
    "p_duty_ramp": 0,
    "p_repeat_speed": 0.4502429487160339,
    "p_pha_offset": 0,
    "p_pha_ramp": 0,
    "p_lpf_freq": 1,
    "p_lpf_ramp": 0,
    "p_lpf_resonance": 0,
    "p_hpf_freq": 0,
    "p_hpf_ramp": 0,
    "sound_vol": 0.25,
    "sample_rate": 5512,
    "sample_size": 8
}