{
    "oldParams": true,
    "wave_type": 1,
    "p_env_attack": 0,
    "p_env_sustain": 0.14230933118715397,
    "p_env_punch": 0,
    "p_env_decay": 0.21103589047493188,
    "p_base_freq": 0.5792101027219224,
    "p_freq_limit": 0.0880767032632526,
    "p_freq_ramp": -0.5265624236420173,
    "p_freq_dramp": 0,
    "p_vib_strength": 0,
    "p_vib_speed": 0,
    "p_arp_mod": 0,
    "p_arp_speed": 0,
    "p_duty": 0.41955535098729996,
    "p_duty_ramp": -0.41036177004622626,
    "p_repeat_speed": 0,
    "p_pha_offset": 0.07643872053075024,
    "p_pha_ramp": -0.1539340473688038,
    "p_lpf_freq": 1,
    "p_lpf_ramp": 0,
    "p_lpf_resonance": 0,
    "p_hpf_freq": 0.06188044220554969,
    "p_hpf_ramp": 0,
    "sound_vol": 0.25,
    "sample_rate": 5512,
    "sample_size": 8
}