{
    "oldParams": true,
    "wave_type": 0,
    "p_env_attack": 0,
    "p_env_sustain": 0.24392922262639974,
    "p_env_punch": 0,
    "p_env_decay": 0.4719873093656589,
    "p_base_freq": 0.3881867330996473,
    "p_freq_limit": 0,
    "p_freq_ramp": 0.08161254679863901,
    "p_freq_dramp": 0,
    "p_vib_strength": 0.691975133716695,
    "p_vib_speed": 0.4418436716629527,
    "p_arp_mod": 0,
    "p_arp_speed": 0,
    "p_duty": 0.07044292609979223,
    "p_duty_ramp": 0,
    "p_repeat_speed": 0,
    "p_pha_offset": 0,
    "p_pha_ramp": 0,
    "p_lpf_freq": 1,
    "p_lpf_ramp": 0,
    "p_lpf_resonance": 0,
    "p_hpf_freq": 0,
    "p_hpf_ramp": 0,
    "sound_vol": 0.25,
    "sample_rate": 5512,
    "sample_size": 8
}