{
    "oldParams": true,
    "wave_type": 2,
    "p_env_attack": 0,
    "p_env_sustain": 0.16915299650412913,
    "p_env_punch": 0.09635156557003725,
    "p_env_decay": 0.07155695118339636,
    "p_base_freq": 0.8187658917453513,
    "p_freq_limit": 0.009031429096775446,
    "p_freq_ramp": -0.4643595530291166,
    "p_freq_dramp": 0,
    "p_vib_strength": 0,
    "p_vib_speed": 0,
    "p_arp_mod": 0,
    "p_arp_speed": 0,
    "p_duty": 0.027331773974919038,
    "p_duty_ramp": 0.16097879556149353,
    "p_repeat_speed": 0,
    "p_pha_offset": 0,
    "p_pha_ramp": 0,
    "p_lpf_freq": 1,
    "p_lpf_ramp": 0,
    "p_lpf_resonance": 0,
    "p_hpf_freq": 0.073291977995887,
    "p_hpf_ramp": 0,
    "sound_vol": 0.25,
    "sample_rate": 5512,
    "sample_size": 8
}